timestamp,model,class,confidence,x1,y1,x2,y2
2026-01-07 13:41:21,Gun-Detector,person,0.919,3,56,561,479
2026-01-07 13:41:21,Gun-Detector,person,0.914,5,54,553,479
2026-01-07 13:41:22,Gun-Detector,person,0.910,2,57,551,479
2026-01-07 13:41:22,Gun-Detector,person,0.904,2,65,568,479
2026-01-07 13:41:22,Gun-Detector,person,0.914,4,59,559,479
2026-01-07 13:41:22,Gun-Detector,person,0.893,0,61,565,479
2026-01-07 13:41:22,Gun-Detector,person,0.925,1,63,600,479
2026-01-07 13:41:22,Gun-Detector,person,0.904,0,78,554,479
2026-01-07 13:41:22,Gun-Detector,person,0.901,0,66,533,479
2026-01-07 13:41:23,Gun-Detector,person,0.907,0,56,527,479
2026-01-07 13:41:23,Gun-Detector,person,0.779,0,54,469,479
2026-01-07 13:41:23,Gun-Detector,person,0.762,0,47,435,479
2026-01-07 13:41:23,Gun-Detector,person,0.727,46,13,398,479
2026-01-07 13:41:23,Gun-Detector,person,0.786,1,6,346,478
2026-01-07 13:41:23,Gun-Detector,person,0.891,0,2,320,478
2026-01-07 13:41:23,Gun-Detector,person,0.876,0,0,313,479
2026-01-07 13:41:24,Gun-Detector,person,0.858,0,0,325,478
2026-01-07 13:41:24,Gun-Detector,person,0.876,0,0,319,478
2026-01-07 13:41:24,Gun-Detector,person,0.754,0,0,280,479
2026-01-07 13:41:24,Gun-Detector,guns,0.518,4,77,272,411
2026-01-07 13:41:24,Gun-Detector,person,0.804,0,1,261,478
2026-01-07 13:41:24,Gun-Detector,person,0.839,515,122,639,478
2026-01-07 13:41:24,Gun-Detector,person,0.779,0,3,243,477
2026-01-07 13:41:24,Gun-Detector,person,0.871,517,130,639,478
2026-01-07 13:41:24,Gun-Detector,person,0.745,0,1,217,479
2026-01-07 13:41:24,Gun-Detector,person,0.804,482,122,639,479
2026-01-07 13:41:24,Gun-Detector,person,0.594,0,1,210,477
2026-01-07 13:41:24,Gun-Detector,person,0.875,445,124,639,479
2026-01-07 13:41:24,Gun-Detector,person,0.850,0,1,189,478
2026-01-07 13:41:25,Gun-Detector,person,0.883,396,122,639,479
2026-01-07 13:41:25,Gun-Detector,person,0.792,0,0,170,478
2026-01-07 13:41:25,Gun-Detector,person,0.920,346,126,639,479
2026-01-07 13:41:25,Gun-Detector,person,0.571,0,0,145,478
2026-01-07 13:41:25,Gun-Detector,person,0.921,315,137,639,479
2026-01-07 13:41:25,Gun-Detector,person,0.913,292,136,639,479
2026-01-07 13:41:25,Gun-Detector,person,0.898,253,0,639,478
2026-01-07 13:41:25,Gun-Detector,person,0.893,248,149,639,479
2026-01-07 13:41:25,Gun-Detector,person,0.903,248,147,640,479
2026-01-07 13:41:25,Gun-Detector,person,0.898,244,151,640,479
2026-01-07 13:41:26,Gun-Detector,person,0.892,236,156,639,479
2026-01-07 13:41:26,Gun-Detector,person,0.892,236,157,638,479
2026-01-07 13:41:26,Gun-Detector,person,0.892,230,154,639,479
2026-01-07 13:41:26,Gun-Detector,person,0.895,235,156,638,479
2026-01-07 13:41:26,Gun-Detector,person,0.888,233,153,640,479
2026-01-07 13:41:26,Gun-Detector,person,0.891,238,156,638,479
2026-01-07 13:41:26,Gun-Detector,person,0.885,237,158,639,479
2026-01-07 13:41:27,Gun-Detector,person,0.893,230,156,640,479
2026-01-07 13:41:27,Gun-Detector,person,0.923,242,156,639,479
2026-01-07 13:41:27,Gun-Detector,person,0.873,236,157,639,479
2026-01-07 13:41:27,Gun-Detector,person,0.905,244,155,639,479
2026-01-07 13:41:27,Gun-Detector,person,0.555,0,0,161,399
2026-01-07 13:41:27,Gun-Detector,person,0.881,248,156,639,478
2026-01-07 13:41:27,Gun-Detector,person,0.884,240,160,639,479
2026-01-07 13:41:27,Gun-Detector,person,0.618,0,0,160,410
2026-01-07 13:41:27,Gun-Detector,person,0.882,233,156,639,479
2026-01-07 13:41:28,Gun-Detector,person,0.889,242,159,639,479
2026-01-07 13:41:28,Gun-Detector,person,0.563,0,0,178,432
2026-01-07 13:41:28,Gun-Detector,person,0.878,255,151,639,479
2026-01-07 13:41:28,Gun-Detector,person,0.801,0,0,195,326
2026-01-07 13:41:28,Gun-Detector,person,0.865,254,148,639,479
2026-01-07 13:41:28,Gun-Detector,person,0.798,0,0,210,344
2026-01-07 13:41:28,Gun-Detector,person,0.851,262,156,639,479
2026-01-07 13:41:28,Gun-Detector,person,0.780,0,0,210,358
2026-01-07 13:41:28,Gun-Detector,person,0.794,0,0,212,364
2026-01-07 13:41:28,Gun-Detector,person,0.774,264,158,639,479
2026-01-07 13:41:28,Gun-Detector,person,0.845,259,159,639,479
2026-01-07 13:41:28,Gun-Detector,person,0.703,0,0,214,336
2026-01-07 13:41:28,Gun-Detector,person,0.823,264,171,639,479
2026-01-07 13:41:28,Gun-Detector,person,0.733,0,0,206,335
2026-01-07 13:41:28,Gun-Detector,person,0.756,0,0,203,336
2026-01-07 13:41:28,Gun-Detector,person,0.703,261,164,639,479
2026-01-07 13:41:29,Gun-Detector,person,0.725,263,156,639,479
2026-01-07 13:41:29,Gun-Detector,person,0.696,0,0,198,349
2026-01-07 13:41:29,Gun-Detector,person,0.700,0,0,199,339
2026-01-07 13:41:29,Gun-Detector,person,0.514,335,167,639,479
2026-01-07 13:41:29,Gun-Detector,person,0.870,245,164,639,479
2026-01-07 13:41:29,Gun-Detector,person,0.859,0,3,278,406
2026-01-07 13:41:29,Gun-Detector,guns,0.512,85,141,228,265
2026-01-07 13:41:29,Gun-Detector,person,0.875,263,163,639,479
2026-01-07 13:41:29,Gun-Detector,person,0.806,0,0,222,364
2026-01-07 13:41:29,Gun-Detector,person,0.871,261,166,639,479
2026-01-07 13:41:29,Gun-Detector,person,0.792,0,0,232,370
2026-01-07 13:41:29,Gun-Detector,person,0.890,244,166,639,479
2026-01-07 13:41:29,Gun-Detector,person,0.805,0,0,233,410
2026-01-07 13:41:30,Gun-Detector,person,0.882,250,164,639,479
2026-01-07 13:41:30,Gun-Detector,person,0.865,0,0,222,393
2026-01-07 13:41:30,Gun-Detector,person,0.870,245,157,639,479
2026-01-07 13:41:30,Gun-Detector,person,0.777,0,0,200,369
2026-01-07 13:41:30,Gun-Detector,person,0.663,275,152,639,479
2026-01-07 13:41:30,Gun-Detector,person,0.564,538,148,639,473
2026-01-07 13:41:30,Gun-Detector,laptop,0.513,427,264,605,479
2026-01-07 13:41:30,Gun-Detector,person,0.726,525,145,639,478
2026-01-07 13:41:30,Gun-Detector,person,0.760,231,153,637,479
2026-01-07 13:41:30,Gun-Detector,person,0.571,0,0,154,431
2026-01-07 13:41:30,Gun-Detector,guns,0.516,80,115,237,275
2026-01-07 13:41:30,Gun-Detector,person,0.912,189,173,640,479
2026-01-07 13:41:30,Gun-Detector,person,0.563,0,0,151,470
2026-01-07 13:41:30,Gun-Detector,person,0.865,168,181,640,479
2026-01-07 13:41:30,Gun-Detector,person,0.546,0,0,145,473
2026-01-07 13:41:31,Gun-Detector,person,0.892,173,180,639,479
2026-01-07 13:41:31,Gun-Detector,person,0.905,147,171,640,479
2026-01-07 13:41:31,Gun-Detector,person,0.911,161,172,640,479
2026-01-07 13:41:31,Gun-Detector,person,0.915,168,173,640,479
2026-01-07 13:41:31,Gun-Detector,person,0.919,169,172,639,479
2026-01-07 13:41:31,Gun-Detector,person,0.913,174,172,639,479
2026-01-07 13:41:31,Gun-Detector,person,0.910,170,170,640,479
2026-01-07 13:41:32,Gun-Detector,person,0.907,173,171,639,479
2026-01-07 13:41:32,Gun-Detector,person,0.898,183,169,639,479
2026-01-07 13:41:32,Gun-Detector,person,0.902,170,170,640,479
2026-01-07 13:41:32,Gun-Detector,person,0.907,172,170,640,479
2026-01-07 13:41:32,Gun-Detector,person,0.917,177,171,639,479
2026-01-07 13:41:32,Gun-Detector,person,0.921,174,171,639,479
2026-01-07 13:41:32,Gun-Detector,person,0.918,174,170,639,479
2026-01-07 13:41:32,Gun-Detector,person,0.916,178,170,639,479
2026-01-07 13:41:33,Gun-Detector,person,0.914,182,171,639,479
2026-01-07 13:41:33,Gun-Detector,person,0.873,210,170,639,479
2026-01-07 13:41:33,Gun-Detector,person,0.901,216,172,639,479
2026-01-07 13:41:33,Gun-Detector,person,0.910,223,172,639,479
2026-01-07 13:41:33,Gun-Detector,person,0.911,223,172,639,479
2026-01-07 13:41:33,Gun-Detector,person,0.916,222,170,639,479
2026-01-07 13:41:33,Gun-Detector,person,0.916,226,173,639,479
2026-01-07 13:41:34,Gun-Detector,person,0.882,224,174,640,479
2026-01-07 13:41:34,Gun-Detector,person,0.895,223,175,640,479
2026-01-07 13:41:34,Gun-Detector,person,0.917,222,174,640,479
2026-01-07 13:41:34,Gun-Detector,person,0.913,224,174,639,479
2026-01-07 13:41:34,Gun-Detector,person,0.910,217,170,639,479
2026-01-07 13:41:34,Gun-Detector,person,0.580,0,19,102,477
2026-01-07 13:41:34,Gun-Detector,person,0.895,217,167,639,479
2026-01-07 13:41:34,Gun-Detector,person,0.680,0,0,166,479
2026-01-07 13:41:34,Gun-Detector,person,0.883,210,167,639,479
2026-01-07 13:41:34,Gun-Detector,person,0.728,0,143,225,479
2026-01-07 13:41:34,Gun-Detector,person,0.916,224,166,639,479
2026-01-07 13:41:34,Gun-Detector,person,0.779,32,153,298,479
2026-01-07 13:41:35,Gun-Detector,person,0.898,224,171,640,479
2026-01-07 13:41:35,Gun-Detector,person,0.658,62,172,338,480
2026-01-07 13:41:35,Gun-Detector,person,0.870,224,172,640,479
2026-01-07 13:41:35,Gun-Detector,person,0.875,221,171,639,479
2026-01-07 13:41:35,Gun-Detector,cat,0.630,176,221,427,479
2026-01-07 13:41:35,Gun-Detector,person,0.901,219,168,639,479
2026-01-07 13:41:35,Gun-Detector,person,0.796,205,226,435,477
2026-01-07 13:41:35,Gun-Detector,person,0.879,224,175,638,479
2026-01-07 13:41:35,Gun-Detector,person,0.855,221,233,449,467
2026-01-07 13:41:35,Gun-Detector,person,0.530,0,0,88,471
2026-01-07 13:41:35,Gun-Detector,guns,0.540,319,215,461,394
2026-01-07 13:41:35,Gun-Detector,person,0.580,224,160,639,479
2026-01-07 13:41:36,Gun-Detector,person,0.758,190,171,640,479
2026-01-07 13:41:36,Gun-Detector,person,0.721,196,166,640,479
2026-01-07 13:41:36,Gun-Detector,person,0.775,197,169,640,479
2026-01-07 13:41:36,Gun-Detector,person,0.805,133,196,288,479
2026-01-07 13:41:36,Gun-Detector,person,0.517,183,173,639,479
2026-01-07 13:41:36,Gun-Detector,person,0.729,98,192,249,479
2026-01-07 13:41:36,Gun-Detector,person,0.601,158,173,640,479
2026-01-07 13:41:36,Gun-Detector,person,0.802,184,173,640,479
2026-01-07 13:41:36,Gun-Detector,person,0.691,40,187,218,479
2026-01-07 13:41:36,Gun-Detector,person,0.563,0,0,125,472
2026-01-07 13:41:36,Gun-Detector,person,0.817,0,1,143,479
2026-01-07 13:41:36,Gun-Detector,person,0.742,193,172,640,479
2026-01-07 13:41:36,Gun-Detector,person,0.680,0,4,396,479
2026-01-07 13:41:37,Gun-Detector,person,0.747,193,169,640,479
2026-01-07 13:41:37,Gun-Detector,person,0.827,192,166,640,479
2026-01-07 13:41:37,Gun-Detector,cell phone,0.812,200,110,456,478
2026-01-07 13:41:37,Gun-Detector,person,0.767,181,173,640,479
2026-01-07 13:41:37,Gun-Detector,cell phone,0.559,200,110,459,478
2026-01-07 13:41:37,Gun-Detector,person,0.807,185,174,639,479
2026-01-07 13:41:37,Gun-Detector,person,0.810,185,175,639,479
2026-01-07 13:41:37,Gun-Detector,person,0.804,193,171,640,479
2026-01-07 13:41:37,Gun-Detector,person,0.765,193,174,640,479
2026-01-07 13:41:38,Gun-Detector,person,0.753,192,168,640,479
2026-01-07 13:41:38,Gun-Detector,person,0.689,192,172,640,479
2026-01-07 13:41:38,Gun-Detector,person,0.741,191,172,640,479
2026-01-07 13:41:38,Gun-Detector,person,0.686,192,167,639,479
2026-01-07 13:41:38,Gun-Detector,person,0.713,190,170,640,479
2026-01-07 13:41:38,Gun-Detector,person,0.696,187,170,640,479
2026-01-07 13:41:38,Gun-Detector,person,0.717,190,170,639,479
2026-01-07 13:41:38,Gun-Detector,guns,0.507,2,41,95,160
2026-01-07 13:41:38,Gun-Detector,person,0.717,191,173,640,479
2026-01-07 13:41:39,Gun-Detector,person,0.757,191,168,639,479
2026-01-07 13:41:39,Gun-Detector,person,0.721,190,171,640,479
2026-01-07 13:41:39,Gun-Detector,cell phone,0.539,229,111,467,478
2026-01-07 13:41:39,Gun-Detector,person,0.746,188,169,640,479
2026-01-07 13:41:39,Gun-Detector,person,0.702,175,173,640,479
2026-01-07 13:41:39,Gun-Detector,cell phone,0.608,272,109,455,476
2026-01-07 13:41:39,Gun-Detector,person,0.748,128,175,640,479
2026-01-07 13:41:39,Gun-Detector,cell phone,0.527,273,97,449,375
2026-01-07 13:41:39,Gun-Detector,person,0.798,129,56,640,478
2026-01-07 13:41:39,Gun-Detector,person,0.761,108,57,637,479
2026-01-07 13:41:40,Gun-Detector,person,0.835,116,127,639,479
2026-01-07 13:41:40,Gun-Detector,person,0.809,120,147,636,479
2026-01-07 13:41:40,Gun-Detector,person,0.750,119,177,639,479
2026-01-07 13:41:40,Gun-Detector,person,0.702,121,143,638,479
2026-01-07 13:41:40,Gun-Detector,person,0.598,122,136,638,479
2026-01-07 13:41:40,Gun-Detector,person,0.657,232,177,639,479
2026-01-07 13:41:40,Gun-Detector,person,0.683,223,175,639,479
2026-01-07 13:41:40,Gun-Detector,remote,0.543,122,127,264,435
2026-01-07 13:41:40,Gun-Detector,remote,0.718,110,129,267,432
2026-01-07 13:41:40,Gun-Detector,person,0.678,223,175,639,479
2026-01-07 13:41:41,Gun-Detector,person,0.797,244,174,639,479
2026-01-07 13:41:41,Gun-Detector,person,0.766,243,176,639,479
2026-01-07 13:41:41,Gun-Detector,remote,0.527,111,131,269,437
2026-01-07 13:41:41,Gun-Detector,person,0.751,246,177,639,479
2026-01-07 13:41:41,Gun-Detector,remote,0.687,112,131,268,441
2026-01-07 13:41:41,Gun-Detector,person,0.651,233,177,639,479
2026-01-07 13:41:41,Gun-Detector,person,0.663,235,177,639,479
2026-01-07 13:41:41,Gun-Detector,person,0.574,142,177,639,479
2026-01-07 13:41:41,Gun-Detector,remote,0.535,124,136,272,442
2026-01-07 13:41:41,Gun-Detector,guns,0.518,152,127,279,297
2026-01-07 13:41:41,Gun-Detector,person,0.587,198,177,639,479
2026-01-07 13:41:41,Gun-Detector,person,0.913,231,176,639,479
2026-01-07 13:41:42,Gun-Detector,person,0.894,237,168,639,479
2026-01-07 13:41:42,Gun-Detector,person,0.923,233,156,639,479
2026-01-07 13:41:42,Gun-Detector,person,0.910,269,147,639,479
2026-01-07 13:41:42,Gun-Detector,person,0.924,273,142,639,479
2026-01-07 13:41:42,Gun-Detector,person,0.902,263,139,639,479
2026-01-07 13:41:42,Gun-Detector,person,0.912,275,151,639,479
2026-01-07 13:41:42,Gun-Detector,person,0.923,272,149,639,479
2026-01-07 13:41:43,Gun-Detector,person,0.913,272,146,639,479
2026-01-07 13:41:43,Gun-Detector,person,0.925,275,147,639,479
2026-01-07 13:41:43,Gun-Detector,guns,0.530,446,192,520,394
2026-01-07 13:41:43,Gun-Detector,person,0.902,271,147,639,479
2026-01-07 13:41:43,Gun-Detector,person,0.846,267,145,638,479
2026-01-07 13:41:43,Gun-Detector,person,0.855,228,148,637,479
2026-01-07 13:41:43,Gun-Detector,person,0.886,259,129,638,479
2026-01-07 13:41:43,Gun-Detector,person,0.881,265,135,638,479
2026-01-07 13:41:43,Gun-Detector,person,0.890,276,153,639,479
2026-01-07 13:41:44,Gun-Detector,person,0.929,280,150,639,479
2026-01-07 13:41:44,Gun-Detector,person,0.935,276,147,639,479
2026-01-07 13:41:44,Gun-Detector,person,0.922,272,148,639,479
2026-01-07 13:41:44,Gun-Detector,person,0.910,272,145,639,479
2026-01-07 13:41:44,Gun-Detector,person,0.922,277,147,639,479
2026-01-07 13:41:44,Gun-Detector,person,0.932,279,151,639,479
2026-01-07 13:41:44,Gun-Detector,person,0.947,279,150,639,479
2026-01-07 13:41:44,Gun-Detector,person,0.891,293,146,639,479
2026-01-07 13:41:44,Gun-Detector,guns,0.648,444,185,542,390
2026-01-07 13:41:45,Gun-Detector,person,0.946,312,143,640,479
2026-01-07 13:41:45,Gun-Detector,guns,0.595,464,185,560,392
2026-01-07 13:41:45,Gun-Detector,person,0.915,341,139,639,479
2026-01-07 13:41:45,Gun-Detector,person,0.908,363,133,640,479
2026-01-07 13:41:45,Gun-Detector,guns,0.571,37,105,135,213
2026-01-07 13:41:45,Gun-Detector,person,0.909,363,137,639,479
2026-01-07 13:41:45,Gun-Detector,guns,0.501,32,104,126,208
2026-01-07 13:41:45,Gun-Detector,person,0.928,366,135,639,479
2026-01-07 13:41:45,Gun-Detector,person,0.918,360,138,639,479
2026-01-07 13:41:45,Gun-Detector,person,0.920,374,136,639,479
2026-01-07 13:41:46,Gun-Detector,person,0.697,311,102,639,479
2026-01-07 13:41:46,Gun-Detector,guns,0.501,440,3,638,433
2026-01-07 13:41:46,Gun-Detector,person,0.850,389,136,639,479
2026-01-07 13:41:46,Gun-Detector,person,0.801,383,136,639,479
2026-01-07 13:41:46,Gun-Detector,cell phone,0.694,195,41,411,395
2026-01-07 13:41:46,Gun-Detector,guns,0.636,240,331,397,402
2026-01-07 13:41:46,Gun-Detector,cell phone,0.774,231,48,412,404
2026-01-07 13:41:46,Gun-Detector,person,0.572,371,136,639,479
2026-01-07 13:41:46,Gun-Detector,cell phone,0.807,233,48,420,414
2026-01-07 13:41:46,Gun-Detector,person,0.799,380,136,639,479
2026-01-07 13:41:46,Gun-Detector,cell phone,0.846,226,54,418,428
2026-01-07 13:41:46,Gun-Detector,person,0.842,390,135,639,479
2026-01-07 13:41:46,Gun-Detector,cell phone,0.886,237,61,424,434
2026-01-07 13:41:46,Gun-Detector,person,0.822,388,135,639,479
2026-01-07 13:41:46,Gun-Detector,cell phone,0.865,241,60,431,435
2026-01-07 13:41:46,Gun-Detector,person,0.829,394,137,639,479
2026-01-07 13:41:47,Gun-Detector,cell phone,0.920,243,58,433,438
2026-01-07 13:41:47,Gun-Detector,person,0.849,394,136,639,479
2026-01-07 13:41:47,Gun-Detector,cell phone,0.916,244,59,435,444
2026-01-07 13:41:47,Gun-Detector,person,0.841,390,137,639,479
2026-01-07 13:41:47,Gun-Detector,cell phone,0.916,242,59,436,449
2026-01-07 13:41:47,Gun-Detector,person,0.825,392,136,639,479
2026-01-07 13:41:47,Gun-Detector,cell phone,0.919,237,60,437,444
2026-01-07 13:41:47,Gun-Detector,person,0.758,382,136,639,479
2026-01-07 13:41:47,Gun-Detector,cell phone,0.912,234,62,437,449
2026-01-07 13:41:47,Gun-Detector,person,0.823,385,135,639,479
2026-01-07 13:41:47,Gun-Detector,person,0.541,0,2,177,477
2026-01-07 13:41:47,Gun-Detector,cell phone,0.871,237,65,434,456
2026-01-07 13:41:47,Gun-Detector,person,0.844,390,137,639,479
2026-01-07 13:41:47,Gun-Detector,person,0.596,0,2,177,478
2026-01-07 13:41:47,Gun-Detector,cell phone,0.887,234,65,435,453
2026-01-07 13:41:47,Gun-Detector,person,0.859,388,135,639,479
2026-01-07 13:41:47,Gun-Detector,person,0.596,0,2,177,478
2026-01-07 13:41:47,Gun-Detector,person,0.863,389,136,639,479
2026-01-07 13:41:47,Gun-Detector,cell phone,0.836,229,64,436,452
2026-01-07 13:41:47,Gun-Detector,person,0.523,0,1,179,477
2026-01-07 13:41:48,Gun-Detector,person,0.891,388,137,639,479
2026-01-07 13:41:48,Gun-Detector,cell phone,0.891,238,66,436,454
2026-01-07 13:41:48,Gun-Detector,person,0.873,388,137,639,479
2026-01-07 13:41:48,Gun-Detector,cell phone,0.841,236,66,436,453
2026-01-07 13:41:48,Gun-Detector,person,0.533,0,0,183,477
2026-01-07 13:41:48,Gun-Detector,cell phone,0.871,237,69,437,457
2026-01-07 13:41:48,Gun-Detector,person,0.843,388,140,639,479
2026-01-07 13:41:48,Gun-Detector,person,0.578,0,0,538,479
2026-01-07 13:41:48,Gun-Detector,person,0.881,388,140,639,479
2026-01-07 13:41:48,Gun-Detector,cell phone,0.823,233,70,435,459
2026-01-07 13:41:48,Gun-Detector,person,0.575,0,1,193,478
2026-01-07 13:41:48,Gun-Detector,cell phone,0.792,229,73,437,464
2026-01-07 13:41:48,Gun-Detector,person,0.780,374,143,639,479
2026-01-07 13:41:48,Gun-Detector,person,0.653,0,0,187,479
2026-01-07 13:41:48,Gun-Detector,person,0.860,378,143,639,479
2026-01-07 13:41:48,Gun-Detector,cell phone,0.802,221,69,438,467
2026-01-07 13:41:48,Gun-Detector,person,0.515,0,1,178,480
2026-01-07 13:41:49,Gun-Detector,person,0.878,379,145,639,479
2026-01-07 13:41:49,Gun-Detector,cell phone,0.852,231,73,439,467
2026-01-07 13:41:49,Gun-Detector,person,0.830,380,144,639,479
2026-01-07 13:41:49,Gun-Detector,cell phone,0.775,169,71,441,469
2026-01-07 13:41:49,Gun-Detector,cell phone,0.858,161,65,440,469
2026-01-07 13:41:49,Gun-Detector,person,0.847,377,138,639,479
2026-01-07 13:41:49,Gun-Detector,person,0.539,0,0,177,352
2026-01-07 13:41:49,Gun-Detector,cell phone,0.887,187,66,433,468
2026-01-07 13:41:49,Gun-Detector,person,0.862,377,140,639,479
2026-01-07 13:41:49,Gun-Detector,person,0.543,387,139,639,479
2026-01-07 13:41:50,Gun-Detector,person,0.531,521,139,639,479
2026-01-07 13:41:50,Gun-Detector,person,0.596,253,87,639,479
2026-01-07 13:41:50,Gun-Detector,person,0.633,367,295,637,479
2026-01-07 13:41:50,Gun-Detector,person,0.579,0,0,150,304
2026-01-07 13:41:50,Gun-Detector,cell phone,0.594,564,267,610,366
2026-01-07 13:41:50,Gun-Detector,person,0.587,371,138,639,479
2026-01-07 13:41:50,Gun-Detector,person,0.714,0,0,175,317
2026-01-07 13:41:50,Gun-Detector,cell phone,0.582,555,260,608,366
2026-01-07 13:41:50,Gun-Detector,cell phone,0.554,286,132,599,466
2026-01-07 13:41:50,Gun-Detector,cell phone,0.745,557,268,606,367
2026-01-07 13:41:50,Gun-Detector,cell phone,0.652,280,137,600,479
2026-01-07 13:41:50,Gun-Detector,person,0.636,0,1,183,324
2026-01-07 13:41:50,Gun-Detector,person,0.623,363,138,639,479
2026-01-07 13:41:50,Gun-Detector,person,0.786,0,0,195,337
2026-01-07 13:41:50,Gun-Detector,cell phone,0.642,550,260,607,365
2026-01-07 13:41:50,Gun-Detector,cell phone,0.531,269,147,594,479
2026-01-07 13:41:50,Gun-Detector,person,0.800,0,1,200,338
2026-01-07 13:41:50,Gun-Detector,cell phone,0.789,554,266,608,367
2026-01-07 13:41:50,Gun-Detector,cell phone,0.617,279,154,597,479
2026-01-07 13:41:51,Gun-Detector,person,0.812,0,1,208,343
2026-01-07 13:41:51,Gun-Detector,person,0.567,416,139,639,479
2026-01-07 13:41:51,Gun-Detector,person,0.774,0,1,209,346
2026-01-07 13:41:51,Gun-Detector,cell phone,0.699,285,164,621,478
2026-01-07 13:41:51,Gun-Detector,person,0.801,0,0,210,345
2026-01-07 13:41:51,Gun-Detector,person,0.647,393,139,639,479
2026-01-07 13:41:51,Gun-Detector,cell phone,0.520,291,165,619,480
2026-01-07 13:41:51,Gun-Detector,cell phone,0.826,292,165,623,479
2026-01-07 13:41:51,Gun-Detector,person,0.743,0,1,215,350
2026-01-07 13:41:51,Gun-Detector,person,0.669,287,139,639,479
2026-01-07 13:41:51,Gun-Detector,person,0.791,0,0,217,353
2026-01-07 13:41:51,Gun-Detector,cell phone,0.712,291,164,619,479
2026-01-07 13:41:51,Gun-Detector,person,0.592,283,125,639,479
2026-01-07 13:41:51,Gun-Detector,cell phone,0.643,286,161,606,479
2026-01-07 13:41:51,Gun-Detector,person,0.625,0,0,221,422
2026-01-07 13:41:51,Gun-Detector,person,0.507,265,139,639,479
2026-01-07 13:41:51,Gun-Detector,person,0.611,263,131,639,479
2026-01-07 13:41:51,Gun-Detector,person,0.587,0,0,217,477
2026-01-07 13:41:52,Gun-Detector,cell phone,0.885,289,160,603,479
2026-01-07 13:41:52,Gun-Detector,person,0.547,0,0,217,361
2026-01-07 13:41:52,Gun-Detector,person,0.543,269,139,639,479
2026-01-07 13:41:52,Gun-Detector,person,0.773,0,1,210,344
2026-01-07 13:41:52,Gun-Detector,cell phone,0.581,286,159,603,480
2026-01-07 13:41:52,Gun-Detector,person,0.566,259,133,639,479
2026-01-07 13:41:52,Gun-Detector,person,0.717,0,0,201,339
2026-01-07 13:41:52,Gun-Detector,cell phone,0.594,285,159,601,479
2026-01-07 13:41:52,Gun-Detector,person,0.541,263,130,640,479
2026-01-07 13:41:52,Gun-Detector,person,0.752,0,0,195,334
2026-01-07 13:41:52,Gun-Detector,cell phone,0.619,286,158,598,479
2026-01-07 13:41:52,Gun-Detector,person,0.590,267,145,639,479
2026-01-07 13:41:52,Gun-Detector,person,0.760,0,0,194,329
2026-01-07 13:41:52,Gun-Detector,cell phone,0.640,288,157,599,478
2026-01-07 13:41:52,Gun-Detector,person,0.503,269,134,640,479
2026-01-07 13:41:52,Gun-Detector,person,0.800,0,0,196,331
2026-01-07 13:41:52,Gun-Detector,cell phone,0.652,286,157,597,478
2026-01-07 13:41:52,Gun-Detector,person,0.622,263,144,640,479
2026-01-07 13:41:52,Gun-Detector,person,0.770,0,0,191,326
2026-01-07 13:41:52,Gun-Detector,cell phone,0.769,286,157,597,479
2026-01-07 13:41:52,Gun-Detector,person,0.613,264,146,639,479
2026-01-07 13:41:52,Gun-Detector,person,0.773,282,134,640,479
2026-01-07 13:41:52,Gun-Detector,cell phone,0.732,288,157,597,478
2026-01-07 13:41:52,Gun-Detector,person,0.684,0,0,169,312
2026-01-07 13:41:53,Gun-Detector,person,0.748,307,142,640,479
2026-01-07 13:41:53,Gun-Detector,cell phone,0.719,303,155,598,477
2026-01-07 13:41:53,Gun-Detector,person,0.633,0,1,161,305
2026-01-07 13:41:53,Gun-Detector,cell phone,0.820,321,154,590,475
2026-01-07 13:41:53,Gun-Detector,person,0.784,277,135,640,479
2026-01-07 13:41:53,Gun-Detector,person,0.669,0,0,172,318
2026-01-07 13:41:53,Gun-Detector,person,0.730,0,0,184,318
2026-01-07 13:41:53,Gun-Detector,person,0.598,363,142,639,479
2026-01-07 13:41:53,Gun-Detector,person,0.630,0,0,187,324
2026-01-07 13:41:53,Gun-Detector,person,0.543,277,137,639,479
2026-01-07 13:41:53,Gun-Detector,person,0.754,0,0,190,323
2026-01-07 13:41:53,Gun-Detector,person,0.783,0,0,190,332
2026-01-07 13:41:53,Gun-Detector,person,0.771,0,0,197,329
2026-01-07 13:41:53,Gun-Detector,person,0.629,289,137,639,479
2026-01-07 13:41:53,Gun-Detector,person,0.813,0,0,194,325
2026-01-07 13:41:53,Gun-Detector,cell phone,0.616,392,149,619,394
2026-01-07 13:41:53,Gun-Detector,person,0.541,298,139,639,479
2026-01-07 13:41:54,Gun-Detector,person,0.728,0,0,196,331
2026-01-07 13:41:54,Gun-Detector,cell phone,0.612,392,155,637,402
2026-01-07 13:41:54,Gun-Detector,person,0.505,293,159,639,479
2026-01-07 13:41:54,Gun-Detector,person,0.762,0,0,200,333
2026-01-07 13:41:54,Gun-Detector,person,0.702,0,0,201,337
2026-01-07 13:41:54,Gun-Detector,person,0.730,0,0,203,345
2026-01-07 13:41:54,Gun-Detector,person,0.735,0,0,208,349
2026-01-07 13:41:54,Gun-Detector,person,0.739,0,0,207,350
2026-01-07 13:41:55,Gun-Detector,person,0.757,0,0,209,347
2026-01-07 13:41:55,Gun-Detector,person,0.636,320,140,639,479
2026-01-07 13:41:55,Gun-Detector,person,0.706,0,0,209,345
2026-01-07 13:41:55,Gun-Detector,person,0.682,317,148,639,479
2026-01-07 13:41:55,Gun-Detector,person,0.749,313,136,639,479
2026-01-07 13:41:55,Gun-Detector,person,0.747,0,1,206,346
2026-01-07 13:41:55,Gun-Detector,cell phone,0.514,343,152,634,464
2026-01-07 13:41:55,Gun-Detector,person,0.782,0,0,208,347
2026-01-07 13:41:55,Gun-Detector,person,0.615,318,141,639,479
2026-01-07 13:41:55,Gun-Detector,cell phone,0.611,344,152,636,460
2026-01-07 13:41:55,Gun-Detector,person,0.756,0,0,209,349
2026-01-07 13:41:55,Gun-Detector,person,0.739,0,0,206,356
2026-01-07 13:41:55,Gun-Detector,person,0.780,0,0,204,347
2026-01-07 13:41:55,Gun-Detector,person,0.574,330,359,610,479
2026-01-07 13:41:56,Gun-Detector,person,0.762,0,0,203,347
2026-01-07 13:41:56,Gun-Detector,person,0.777,0,0,203,345
2026-01-07 13:41:56,Gun-Detector,person,0.743,0,1,207,348
2026-01-07 13:41:56,Gun-Detector,person,0.670,0,0,206,355
2026-01-07 13:41:56,Gun-Detector,person,0.767,0,0,208,350
2026-01-07 13:41:56,Gun-Detector,person,0.718,0,1,208,348
2026-01-07 13:41:56,Gun-Detector,person,0.746,0,0,208,346
2026-01-07 13:41:57,Gun-Detector,person,0.711,0,1,209,348
2026-01-07 13:41:57,Gun-Detector,person,0.564,342,135,640,479
2026-01-07 13:41:57,Gun-Detector,person,0.805,0,0,208,349
2026-01-07 13:41:57,Gun-Detector,person,0.682,195,100,638,479
2026-01-07 13:41:57,Gun-Detector,person,0.616,11,124,634,478
2026-01-07 13:41:57,Gun-Detector,person,0.586,0,0,206,350
2026-01-07 13:41:57,Gun-Detector,remote,0.525,427,128,482,267
2026-01-07 13:41:57,Gun-Detector,person,0.687,0,0,204,344
2026-01-07 13:41:57,Gun-Detector,person,0.538,97,77,640,479
2026-01-07 13:41:57,Gun-Detector,person,0.682,0,0,201,344
2026-01-07 13:41:57,Gun-Detector,person,0.634,339,157,640,479
2026-01-07 13:41:57,Gun-Detector,person,0.871,408,174,639,479
2026-01-07 13:41:57,Gun-Detector,person,0.728,0,0,224,397
2026-01-07 13:41:57,Gun-Detector,person,0.555,422,195,639,479
2026-01-07 13:41:57,Gun-Detector,cat,0.527,0,0,204,339
2026-01-07 13:41:58,Gun-Detector,cat,0.521,0,0,183,317
2026-01-07 13:41:58,Gun-Detector,cat,0.722,0,0,163,283
2026-01-07 13:41:58,Gun-Detector,person,0.695,0,1,114,479
2026-01-07 13:41:58,Gun-Detector,person,0.635,0,1,111,476
2026-01-07 13:41:58,Gun-Detector,person,0.618,0,0,110,472
2026-01-07 13:41:59,Gun-Detector,person,0.561,0,0,126,480
2026-01-07 13:41:59,Gun-Detector,person,0.554,0,0,138,479
2026-01-07 13:41:59,Gun-Detector,person,0.534,459,374,612,479
2026-01-07 13:41:59,Gun-Detector,person,0.603,0,0,144,477
2026-01-07 13:41:59,Gun-Detector,person,0.754,437,168,639,479
2026-01-07 13:41:59,Gun-Detector,person,0.850,421,158,639,479
2026-01-07 13:41:59,Gun-Detector,person,0.549,1,0,157,470
2026-01-07 13:41:59,Gun-Detector,person,0.816,417,155,639,479
2026-01-07 13:41:59,Gun-Detector,person,0.846,415,151,639,479
2026-01-07 13:41:59,Gun-Detector,person,0.842,417,138,639,479
2026-01-07 13:41:59,Gun-Detector,person,0.581,0,0,157,471
2026-01-07 13:42:00,Gun-Detector,person,0.576,0,0,160,469
2026-01-07 13:42:00,Gun-Detector,person,0.532,337,247,640,479
2026-01-07 13:42:00,Gun-Detector,guns,0.534,499,180,625,380
2026-01-07 13:42:00,Gun-Detector,person,0.710,344,260,639,479
2026-01-07 13:42:00,Gun-Detector,person,0.595,0,0,163,470
2026-01-07 13:42:00,Gun-Detector,person,0.745,351,238,639,479
2026-01-07 13:42:00,Gun-Detector,person,0.635,0,0,168,470
2026-01-07 13:42:00,Gun-Detector,person,0.774,352,253,639,479
2026-01-07 13:42:00,Gun-Detector,person,0.652,0,0,171,470
2026-01-07 13:42:00,Gun-Detector,person,0.810,356,245,639,479
2026-01-07 13:42:00,Gun-Detector,person,0.644,0,0,174,470
2026-01-07 13:42:00,Gun-Detector,person,0.659,0,0,176,465
2026-01-07 13:42:00,Gun-Detector,person,0.642,379,305,639,479
2026-01-07 13:42:00,Gun-Detector,person,0.666,0,0,179,475
2026-01-07 13:42:00,Gun-Detector,person,0.578,241,200,640,479
2026-01-07 13:42:00,Gun-Detector,person,0.751,0,0,183,479
2026-01-07 13:42:00,Gun-Detector,person,0.573,203,175,639,479
2026-01-07 13:42:01,Gun-Detector,person,0.737,0,0,188,474
2026-01-07 13:42:01,Gun-Detector,person,0.726,149,166,639,479
2026-01-07 13:42:01,Gun-Detector,person,0.750,193,174,639,479
2026-01-07 13:42:01,Gun-Detector,person,0.610,0,0,189,465
2026-01-07 13:42:01,Gun-Detector,person,0.732,189,175,639,479
2026-01-07 13:42:01,Gun-Detector,person,0.646,0,0,195,456
2026-01-07 13:42:01,Gun-Detector,person,0.620,149,183,639,479
2026-01-07 13:42:01,Gun-Detector,person,0.618,0,0,197,465
2026-01-07 13:42:01,Gun-Detector,person,0.689,0,0,197,471
2026-01-07 13:42:01,Gun-Detector,person,0.522,232,191,638,479
2026-01-07 13:42:01,Gun-Detector,person,0.803,372,192,639,479
2026-01-07 13:42:01,Gun-Detector,person,0.673,0,0,189,475
2026-01-07 13:42:01,Gun-Detector,person,0.572,0,0,184,474
2026-01-07 13:42:02,Gun-Detector,person,0.604,0,1,157,473
2026-01-07 13:42:02,Gun-Detector,person,0.537,489,168,639,479
2026-01-07 13:42:02,Gun-Detector,cat,0.737,446,0,639,478
2026-01-07 13:42:02,Gun-Detector,person,0.696,0,1,138,479
2026-01-07 13:42:02,Gun-Detector,person,0.923,403,0,639,479
2026-01-07 13:42:03,Gun-Detector,person,0.856,413,0,639,478
2026-01-07 13:42:03,Gun-Detector,person,0.676,0,0,150,479
2026-01-07 13:42:03,Gun-Detector,person,0.869,439,0,639,478
2026-01-07 13:42:03,Gun-Detector,person,0.590,0,0,183,480
2026-01-07 13:42:03,Gun-Detector,person,0.641,0,0,209,480
2026-01-07 13:42:03,Gun-Detector,person,0.852,0,0,260,477
2026-01-07 13:42:03,Gun-Detector,person,0.595,0,0,329,478
2026-01-07 13:42:03,Gun-Detector,person,0.814,8,0,632,479
2026-01-07 13:42:03,Gun-Detector,person,0.703,48,3,637,480
2026-01-07 13:42:03,Gun-Detector,person,0.572,2,18,535,478
2026-01-07 13:42:04,Gun-Detector,person,0.736,0,56,620,480
2026-01-07 13:42:04,Gun-Detector,person,0.806,0,59,623,479
2026-01-07 13:42:04,Gun-Detector,person,0.866,4,52,632,479
2026-01-07 13:42:04,Gun-Detector,person,0.861,0,61,637,479
2026-01-07 13:42:04,Gun-Detector,person,0.898,0,57,640,479
2026-01-07 13:42:04,Gun-Detector,person,0.880,0,52,637,479
2026-01-07 13:42:04,Gun-Detector,person,0.891,0,17,639,479
2026-01-07 13:42:04,Gun-Detector,person,0.896,0,39,637,479
2026-01-07 13:42:05,Gun-Detector,person,0.882,0,22,638,479
2026-01-07 13:42:05,Gun-Detector,person,0.877,0,19,635,479
2026-01-07 13:42:05,Gun-Detector,person,0.870,0,22,623,479
2026-01-07 13:42:05,Gun-Detector,person,0.701,0,47,574,479
2026-01-07 13:42:05,Gun-Detector,person,0.870,0,56,582,479
2026-01-07 13:42:05,Gun-Detector,person,0.875,5,63,569,479
2026-01-07 13:42:05,Gun-Detector,person,0.905,22,67,610,479
2026-01-07 13:42:06,Gun-Detector,person,0.908,20,64,587,479
2026-01-07 13:42:06,Gun-Detector,person,0.881,11,51,626,477
2026-01-07 13:42:06,Gun-Detector,person,0.819,0,71,622,478
2026-01-07 13:42:06,Gun-Detector,person,0.755,7,91,636,479
2026-01-07 13:42:06,Gun-Detector,person,0.792,21,92,637,479
2026-01-07 13:42:06,Gun-Detector,person,0.820,6,86,636,479
2026-01-07 13:42:06,Gun-Detector,person,0.842,10,98,639,479
2026-01-07 13:42:06,Gun-Detector,person,0.791,27,126,640,479
2026-01-07 13:42:07,Gun-Detector,person,0.745,27,151,637,479
2026-01-07 13:42:07,Gun-Detector,person,0.818,22,150,640,479
2026-01-07 13:42:07,Gun-Detector,person,0.807,22,156,639,479
2026-01-07 13:42:07,Gun-Detector,person,0.810,60,164,638,479
2026-01-07 13:42:07,Gun-Detector,person,0.836,59,177,638,479
2026-01-07 13:42:07,Gun-Detector,person,0.787,59,184,638,479
2026-01-07 13:42:07,Gun-Detector,person,0.788,41,186,638,479
2026-01-07 13:42:07,Gun-Detector,person,0.761,51,187,638,479
2026-01-07 13:42:08,Gun-Detector,person,0.781,52,189,638,479
2026-01-07 13:42:08,Gun-Detector,person,0.698,48,179,638,478
2026-01-07 13:42:08,Gun-Detector,person,0.757,15,164,640,479
2026-01-07 13:42:08,Gun-Detector,person,0.720,11,136,638,479
2026-01-07 13:42:08,Gun-Detector,person,0.604,466,116,639,479
2026-01-07 13:42:08,Gun-Detector,person,0.609,504,95,639,479
2026-01-07 13:42:09,Gun-Detector,cat,0.621,57,228,633,479
2026-01-07 13:42:09,Gun-Detector,person,0.779,224,190,639,478
2026-01-07 13:42:10,Gun-Detector,person,0.792,261,186,639,479
2026-01-07 13:42:10,Gun-Detector,person,0.808,297,176,639,478
2026-01-07 13:42:10,Gun-Detector,person,0.750,308,178,639,478
2026-01-07 13:42:10,Gun-Detector,person,0.821,316,187,639,478
2026-01-07 13:42:10,Gun-Detector,person,0.732,331,194,639,479
2026-01-07 13:42:10,Gun-Detector,person,0.608,347,209,639,479
2026-01-07 13:42:11,Gun-Detector,person,0.640,357,216,639,479
2026-01-07 13:42:12,Gun-Detector,person,0.622,3,9,638,478
2026-01-07 13:42:12,Gun-Detector,person,0.852,0,13,606,479
2026-01-07 13:42:12,Gun-Detector,person,0.859,0,16,564,479
2026-01-07 13:42:12,Gun-Detector,person,0.864,0,17,523,478
2026-01-07 13:42:13,Gun-Detector,person,0.887,1,20,519,478
2026-01-07 13:42:13,Gun-Detector,person,0.869,2,21,526,478
2026-01-07 13:42:13,Gun-Detector,person,0.868,1,9,540,479
2026-01-07 13:42:13,Gun-Detector,person,0.882,0,4,551,479
2026-01-07 13:42:13,Gun-Detector,person,0.815,0,3,583,479
2026-01-07 13:42:14,Gun-Detector,person,0.842,1,1,606,479
2026-01-07 13:42:14,Gun-Detector,person,0.851,1,0,597,478
2026-01-07 13:42:14,Gun-Detector,person,0.881,0,2,604,479
2026-01-07 13:42:14,Gun-Detector,person,0.888,0,2,624,479
2026-01-07 13:42:14,Gun-Detector,person,0.891,0,2,640,479
2026-01-07 13:42:14,Gun-Detector,person,0.902,0,2,640,479
2026-01-07 13:42:15,Gun-Detector,person,0.911,0,1,640,479
2026-01-07 13:42:15,Gun-Detector,person,0.926,0,0,640,478
2026-01-07 13:42:15,Gun-Detector,person,0.922,0,2,639,478
2026-01-07 13:42:15,Gun-Detector,person,0.909,0,1,640,478
2026-01-07 13:42:15,Gun-Detector,person,0.883,0,4,636,478
2026-01-07 13:42:15,Gun-Detector,person,0.874,0,3,631,478
2026-01-07 13:42:16,Gun-Detector,person,0.868,0,4,617,478
2026-01-07 13:42:16,Gun-Detector,person,0.892,0,2,577,479
2026-01-07 13:42:16,Gun-Detector,person,0.860,0,2,573,479
2026-01-07 13:42:16,Gun-Detector,person,0.847,0,3,549,479
2026-01-07 13:42:16,Gun-Detector,person,0.866,0,0,565,479
2026-01-07 13:42:16,Gun-Detector,person,0.905,0,3,545,479
2026-01-07 13:42:17,Gun-Detector,person,0.885,0,13,606,479
2026-01-07 13:42:17,Gun-Detector,person,0.891,0,20,545,479
2026-01-07 13:42:17,Gun-Detector,person,0.920,0,19,537,479
2026-01-07 13:42:17,Gun-Detector,person,0.933,0,16,550,479
2026-01-07 13:42:17,Gun-Detector,person,0.919,4,21,550,479
2026-01-07 13:42:18,Gun-Detector,person,0.918,3,22,559,479
2026-01-07 13:42:18,Gun-Detector,person,0.918,0,26,567,479
2026-01-07 13:42:18,Gun-Detector,person,0.910,0,33,564,479
2026-01-07 13:42:18,Gun-Detector,person,0.907,0,36,548,479
2026-01-07 13:42:18,Gun-Detector,person,0.919,0,39,552,478
2026-01-07 13:42:19,Gun-Detector,person,0.904,0,39,538,478
2026-01-07 13:42:19,Gun-Detector,person,0.908,0,33,555,478
2026-01-07 13:42:19,Gun-Detector,person,0.905,0,32,540,479
2026-01-07 13:42:19,Gun-Detector,person,0.916,0,40,555,478
2026-01-07 13:42:19,Gun-Detector,person,0.914,0,40,554,478
2026-01-07 13:42:19,Gun-Detector,person,0.912,0,33,546,479
2026-01-07 13:42:20,Gun-Detector,person,0.914,0,30,555,478
2026-01-07 13:42:20,Gun-Detector,person,0.909,0,33,551,479
2026-01-07 13:42:20,Gun-Detector,person,0.914,0,39,550,478
2026-01-07 13:42:20,Gun-Detector,person,0.914,0,40,554,478
2026-01-07 13:42:20,Gun-Detector,person,0.911,0,40,551,478
2026-01-07 13:42:21,Gun-Detector,person,0.914,0,42,555,478
2026-01-07 13:42:21,Gun-Detector,person,0.889,0,39,558,479
2026-01-07 13:42:21,Gun-Detector,person,0.882,0,55,552,479
2026-01-07 13:42:21,Gun-Detector,person,0.897,0,60,553,479
2026-01-07 13:42:21,Gun-Detector,person,0.896,0,63,560,479
2026-01-07 13:42:21,Gun-Detector,person,0.872,0,66,546,479
2026-01-07 13:42:22,Gun-Detector,person,0.895,0,63,561,479
2026-01-07 13:42:22,Gun-Detector,person,0.879,1,59,555,479
2026-01-07 13:42:22,Gun-Detector,person,0.900,0,43,550,479
2026-01-07 13:42:22,Gun-Detector,person,0.914,0,40,555,479
2026-01-07 13:42:22,Gun-Detector,person,0.900,0,33,570,479
2026-01-07 13:42:22,Gun-Detector,person,0.880,0,35,573,479
2026-01-07 13:42:23,Gun-Detector,person,0.887,0,27,588,479
2026-01-07 13:42:23,Gun-Detector,person,0.922,0,11,607,479
2026-01-07 13:42:23,Gun-Detector,person,0.895,0,1,593,479
2026-01-07 13:42:23,Gun-Detector,person,0.911,0,0,628,479
2026-01-07 13:42:23,Gun-Detector,person,0.913,0,0,632,478
2026-01-07 13:42:23,Gun-Detector,person,0.919,0,0,633,479
2026-01-07 13:42:24,Gun-Detector,person,0.908,0,2,631,479
2026-01-07 13:42:24,Gun-Detector,person,0.911,0,1,631,479
2026-01-07 13:42:24,Gun-Detector,person,0.914,0,0,626,478
2026-01-07 13:42:24,Gun-Detector,person,0.905,0,1,630,479
2026-01-07 13:42:24,Gun-Detector,person,0.911,0,0,620,479
2026-01-07 13:42:25,Gun-Detector,person,0.906,1,1,606,478
2026-01-07 13:42:25,Gun-Detector,person,0.915,18,4,559,479
2026-01-07 13:42:25,Gun-Detector,person,0.919,25,15,582,479
2026-01-07 13:42:25,Gun-Detector,person,0.904,29,24,571,479
